nominstallation,codeeicresourceobject,codeiris,commune,epci,departement,region,dateraccordement,datemiseenservice,datedebutversion,postesource,tensionraccordement,moderaccordement,combustible,combustiblessecondaires,technologie,typestockage,puismaxinstallee,puismaxraccharge,puismaxcharge,puismaxrac,puismaxinstalleedischarge,nbgroupes,regime,energiestockable,gestionnaire
Confidentiel,17W0000013523404,2B1690000,Morosaglia,CC Pasquale Paoli,Haute-Corse,Corse,19/01/2021,19/01/2021,28/09/2022,,HTA,Direct,,,,,5600.0,,,,,,En service,,EDF-SEI
CENTRALE DE BELLIGNAT,17W000001360124E,10310000,Bellignat,CA Haut - Bugey Agglomération,Ain,Auvergne-Rhône-Alpes,01/09/2021,01/09/2021,26/10/2021,BELLI,HTA,Indirect,,,BATTERIE,BATTE,2400.0,2400.0,2400.0,2400.0,2400.0,1.0,En service,2400.0,Enedis
CENTRALE DE BELLIGNAT,17W000001360014L,10310000,Bellignat,CA Haut - Bugey Agglomération,Ain,Auvergne-Rhône-Alpes,01/09/2021,01/09/2021,26/10/2021,BELLI,HTA,Indirect,,,BATTERIE,BATTE,2400.0,2400.0,2400.0,2400.0,2400.0,1.0,En service,2400.0,Enedis
Confidentiel,17W000001383974E,10780000,Challex,CA du Pays de Gex,Ain,Auvergne-Rhône-Alpes,23/05/2022,23/05/2022,30/08/2022,POUGN,HTA,Direct,,,BATTERIE,BATTE,1572.0,1250.0,1250.0,1250.0,1250.0,1.0,En service,784.0,Enedis
Confidentiel,17W000001436087C,10980000,Chazey-Bons,CC Bugey Sud,Ain,Auvergne-Rhône-Alpes,20/10/2022,20/10/2022,02/12/2022,BELLE,HTA,Direct,,,BATTERIE,BATTE,1572.0,1250.0,1250.0,1250.0,1250.0,1.0,En service,784.0,Enedis
Confidentiel,17W000001457410E,12660000,Montrevel-en-Bresse,CA du Bassin de Bourg-en-Bresse,Ain,Auvergne-Rhône-Alpes,20/12/2022,20/12/2022,20/12/2022,MTREV,HTA,Direct,,,BATTERIE,BATTE,1572.0,1250.0,1250.0,1250.0,1250.0,1.0,En service,784.0,Enedis
Confidentiel,17W000001434869T,13630000,Saint-Jean-le-Vieux,CC Rives de l'Ain - Pays du Cerdon,Ain,Auvergne-Rhône-Alpes,26/09/2022,26/09/2022,26/09/2022,HAUT6,HTA,Direct,,,BATTERIE,BATTE,1250.0,1250.0,1250.0,1250.0,1250.0,1.0,En service,784.0,Enedis
Confidentiel,17W000001434920I,22110000,Condé-sur-Suippe,CC de la Champagne Picarde,Aisne,Hauts-de-France,23/09/2022,23/09/2022,30/11/2022,GUIGN,HTA,Direct,,,BATTERIE,BATTE,1250.0,1250.0,1250.0,1250.0,1250.0,1.0,En service,784.0,Enedis
Confidentiel,17W000001351909G,22110000,Condé-sur-Suippe,CC de la Champagne Picarde,Aisne,Hauts-de-France,15/10/2021,15/10/2021,18/10/2022,GUIGN,HTA,Direct,,,BATTERIE,BATTE,1250.0,1250.0,1250.0,1250.0,1250.0,1.0,En service,784.0,Enedis
Confidentiel,17W000001521575N,,Couleuvre,CC du Pays de Tronçais,Allier,Auvergne-Rhône-Alpes,11/04/2023,11/04/2023,11/04/2022,COULE,HTA,Direct,,,BATTERIE,BATTE,1250.0,1250.0,1250.0,1250.0,1250.0,1.0,En service,784.0,Enedis
Confidentiel,17W000000988620R,100810102,La Chapelle-Saint-Luc,CA Troyes Champagne Métropole,Aube,Grand Est,02/12/2020,02/12/2020,18/10/2022,T.IND,HTA,Direct,,,BATTERIE,BATTE,1250.0,1250.0,1250.0,1250.0,1250.0,1.0,En service,1000.0,Enedis
BORALEX STOCKAGE,17W000000476675G,100970000,Chervey,CC du Barséquanais en Champagne,Aube,Grand Est,05/06/2018,05/06/2018,10/10/2022,V.BAR,HTA,Direct,,,BATTERIE,BATTE,14000.0,2000.0,2000.0,14000.0,2000.0,2.0,En service,2.0,Enedis
Confidentiel,17W000001365807Z,102680101,Nogent-sur-Seine,CC du Nogentais,Aube,Grand Est,04/02/2022,04/02/2022,03/03/2022,N.SEI,HTA,Direct,,,BATTERIE,BATTE,1250.0,1250.0,1250.0,1250.0,1250.0,,En service,784.0,Enedis
Confidentiel,17W000000988778T,102950000,Polisot,CC du Barséquanais en Champagne,Aube,Grand Est,01/12/2020,01/12/2020,18/10/2022,POLIS,HTA,Direct,,,BATTERIE,BATTE,1250.0,1250.0,1250.0,1250.0,1250.0,1.0,En service,1000.0,Enedis
Confidentiel,17W000001321054S,103950000,Vanlay,CC du Chaourçois et du Val d'Armance,Aube,Grand Est,21/07/2021,21/07/2021,18/10/2022,AVREU,HTA,Direct,,,BATTERIE,BATTE,1250.0,1572.0,1572.0,1250.0,1250.0,1.0,En service,892.0,Enedis
ANTUG-P31-STOCKAGE N0 01 DE ANTUGNAC,17W0000013746261,110100000,Antugnac,CC du Limouxin,Aude,Occitanie,,02/01/2022,18/05/2022,ANTUG,63 kV,Direct,,,BATTERIE,BATTE,9500.0,,8000.0,,,1.0,En service,8300.0,RTE
Confidentiel,17W000001410432Q,110370000,Berriac,CA Carcassonne Agglo,Aude,Occitanie,02/08/2022,02/08/2022,02/08/2022,MOREA,HTA,Direct,,,BATTERIE,BATTE,1572.0,1250.0,1250.0,1250.0,1250.0,1.0,En service,784.0,Enedis
Confidentiel,17W000001402406N,110690901,Carcassonne,CA Carcassonne Agglo,Aude,Occitanie,25/07/2022,25/07/2022,25/07/2022,VIGUI,HTA,Direct,,,BATTERIE,BATTE,1572.0,1250.0,1250.0,1250.0,1250.0,1.0,En service,784.0,Enedis
Confidentiel,17W000001360239Y,130270106,Châteaurenard,CA Terre de Provence,Bouches-du-Rhône,Provence-Alpes-Côte d'Azur,10/01/2022,10/01/2022,10/01/2022,CTAUR,HTA,Direct,,,BATTERIE,BATTE,1250.0,1250.0,1250.0,1250.0,1250.0,1.0,En service,784.0,Enedis
Confidentiel,17W000001329093F,141430000,Caumont-sur-Aure,CC Pré-Bocage Intercom,Calvados,Normandie,19/10/2021,19/10/2021,05/05/2022,CAUMO,HTA,Direct,,,BATTERIE,BATTE,1250.0,1250.0,1250.0,1250.0,1250.0,1.0,En service,784.0,Enedis
Confidentiel,17W000001314016R,144310000,Mézidon Vallée d'Auge,CA Lisieux Normandie,Calvados,Normandie,09/08/2021,09/08/2021,01/04/2022,PERCY,HTA,Direct,,,BATTERIE,BATTE,1572.0,1250.0,1250.0,1250.0,1250.0,1.0,En service,1000.0,Enedis
Confidentiel,17W000001328919X,144780000,Orbec,CA Lisieux Normandie,Calvados,Normandie,29/09/2021,29/09/2021,01/04/2022,ORBEC,HTA,Direct,,,BATTERIE,BATTE,1250.0,1250.0,1250.0,1250.0,1250.0,1.0,En service,784.0,Enedis
Confidentiel,17W000001314045K,151220000,Maurs,CC de la Châtaigneraie Cantalienne,Cantal,Auvergne-Rhône-Alpes,12/08/2021,12/08/2021,21/12/2022,MAURS,HTA,Direct,,,BATTERIE,BATTE,1250.0,1250.0,1250.0,1250.0,1250.0,1.0,En service,784.0,Enedis
Confidentiel,17W0000013136516,151270000,Molompize,CC Hautes Terres Communauté,Cantal,Auvergne-Rhône-Alpes,17/08/2021,17/08/2021,21/12/2022,MASSI,HTA,Direct,,,BATTERIE,BATTE,1250.0,1250.0,1250.0,1250.0,1250.0,1.0,En service,784.0,Enedis
Confidentiel,17W000001402233S,151410000,Neussargues en Pinatelle,CC Hautes Terres Communauté,Cantal,Auvergne-Rhône-Alpes,11/07/2022,11/07/2022,20/12/2022,NEUSS,HTA,Direct,,,BATTERIE,BATTE,1250.0,1250.0,1250.0,1250.0,1250.0,1.0,En service,784.0,Enedis
Confidentiel,17W000001314441C,152310000,Talizat,CC Saint-Flour Communauté,Cantal,Auvergne-Rhône-Alpes,11/08/2021,11/08/2021,21/12/2022,SAVIG,HTA,Direct,,,BATTERIE,BATTE,1250.0,1250.0,1250.0,1250.0,1250.0,1.0,En service,784.0,Enedis
Confidentiel,17W000001017417F,160280102,Barbezieux-Saint-Hilaire,CC des 4B Sud Charente,Charente,Nouvelle-Aquitaine,06/01/2021,06/01/2021,15/06/2022,BARBE,HTA,Direct,,,BATTERIE,BATTE,1250.0,1250.0,1250.0,1250.0,1250.0,1.0,En service,1000.0,Enedis
Confidentiel,17W000001383860T,,Bors (Canton de Tude-et-Lavalette),CC Lavalette Tude Dronne,Charente,Nouvelle-Aquitaine,22/03/2022,22/03/2022,01/12/2022,CHAVE,HTA,Direct,,,BATTERIE,BATTE,11000.0,1300.0,1300.0,,1300.0,1.0,En service,1300.0,Enedis
Confidentiel,17W000001351999Q,160780000,Champniers,CA du Grand Angoulême,Charente,Nouvelle-Aquitaine,22/12/2021,22/12/2021,15/06/2022,CPNI5,HTA,Direct,,,BATTERIE,BATTE,1572.0,1250.0,1250.0,1250.0,1250.0,1.0,En service,1000.0,Enedis
Confidentiel,17W0000009888801,160820000,Boisné-La Tude,CC Lavalette Tude Dronne,Charente,Nouvelle-Aquitaine,09/10/2020,09/10/2020,10/06/2022,CHAVE,HTA,Direct,,,BATTERIE,BATTE,1572.0,1250.0,1250.0,1250.0,1250.0,1.0,En service,784.0,Enedis
Confidentiel,17W000001022198K,160900000,Châteauneuf-sur-Charente,CA du Grand Cognac,Charente,Nouvelle-Aquitaine,17/12/2020,17/12/2020,15/06/2022,B.DUR,HTA,Direct,,,BATTERIE,BATTE,1250.0,1250.0,1250.0,1250.0,1250.0,1.0,En service,1000.0,Enedis
Confidentiel,17W0000009589847,170150000,Arces,CA Royan Atlantique,Charente-Maritime,Nouvelle-Aquitaine,07/02/2020,07/02/2020,10/06/2022,CHARB,HTA,Direct,,,BATTERIE,BATTE,1260.0,1260.0,1260.0,1260.0,1260.0,1.0,En service,784.0,Enedis
Confidentiel,17W0000009619823,170170000,Archingeay,CC Vals de Saintonge Communauté,Charente-Maritime,Nouvelle-Aquitaine,04/03/2020,04/03/2020,10/06/2022,ARCHI,HTA,Direct,,,BATTERIE,BATTE,1100.0,1100.0,1100.0,1100.0,1100.0,1.0,En service,1.0,Enedis
Confidentiel,17W0000009637295,170210000,Arvert,CA Royan Atlantique,Charente-Maritime,Nouvelle-Aquitaine,28/04/2020,28/04/2020,10/06/2022,ARVER,HTA,Direct,,,BATTERIE,BATTE,1250.0,1250.0,1250.0,1250.0,1250.0,1.0,En service,1000.0,Enedis
Confidentiel,17W0000010235021,170840000,Champagnolles,CC de la Haute Saintonge,Charente-Maritime,Nouvelle-Aquitaine,27/11/2020,27/11/2020,04/11/2022,PONS,HTA,Direct,,,BATTERIE,BATTE,1250.0,1250.0,1250.0,1250.0,1250.0,1.0,En service,1000.0,Enedis
Confidentiel,17W000001241775O,171060000,Cierzac,CC de la Haute Saintonge,Charente-Maritime,Nouvelle-Aquitaine,28/12/2020,28/12/2020,15/06/2022,NICER,HTA,Direct,,,BATTERIE,BATTE,1250.0,1250.0,1250.0,1250.0,1250.0,1.0,En service,1000.0,Enedis
Confidentiel,17W0000009499937,171580000,Ferrières,CC Aunis Atlantique,Charente-Maritime,Nouvelle-Aquitaine,18/12/2019,18/12/2019,10/06/2022,MARA7,HTA,Direct,,,BATTERIE,BATTE,1100.0,1100.0,1100.0,1100.0,1100.0,1.0,En service,1.0,Enedis
Confidentiel,17W000000476979X,171970000,Jonzac,CC de la Haute Saintonge,Charente-Maritime,Nouvelle-Aquitaine,08/08/2018,08/08/2018,16/09/2022,JONZA,HTA,Direct,,,BATTERIE,BATTE,1000.0,1000.0,1000.0,1000.0,1000.0,1.0,En service,1.0,Enedis
Confidentiel,17W000001017567X,172180000,Marans,CC Aunis Atlantique,Charente-Maritime,Nouvelle-Aquitaine,14/12/2020,14/12/2020,20/12/2022,MARA7,HTA,Direct,,,BATTERIE,BATTE,1250.0,1250.0,1250.0,1250.0,1250.0,1.0,En service,784.0,Enedis
Confidentiel,17W000000960735P,172190000,Marennes-Hiers-Brouage,CC du Bassin de Marennes,Charente-Maritime,Nouvelle-Aquitaine,05/02/2020,05/02/2020,10/06/2022,MAREN,HTA,Direct,,,BATTERIE,BATTE,1100.0,1100.0,1100.0,1100.0,1100.0,1.0,En service,1.0,Enedis
Confidentiel,17W000000949844O,172400000,Montendre,CC de la Haute Saintonge,Charente-Maritime,Nouvelle-Aquitaine,17/01/2020,17/01/2020,10/06/2022,MTEND,HTA,Direct,,,BATTERIE,BATTE,1100.0,1100.0,1100.0,1100.0,1100.0,1.0,En service,1.0,Enedis
Confidentiel,17W0000010101874,172480000,Mortagne-sur-Gironde,CA Royan Atlantique,Charente-Maritime,Nouvelle-Aquitaine,13/11/2020,13/11/2020,15/06/2022,CHARB,HTA,Direct,,,BATTERIE,BATTE,1250.0,1250.0,1250.0,1250.0,1250.0,1.0,En service,784.0,Enedis
Confidentiel,17W000000950003Z,172690000,Orignolles,CC de la Haute Saintonge,Charente-Maritime,Nouvelle-Aquitaine,17/01/2020,17/01/2020,10/06/2022,MTGUY,HTA,Direct,,,BATTERIE,BATTE,1100.0,1000.0,1000.0,1100.0,1000.0,1.0,En service,1.0,Enedis
Confidentiel,17W0000009631218,172830000,Pons,CC de la Haute Saintonge,Charente-Maritime,Nouvelle-Aquitaine,10/03/2020,10/03/2020,10/06/2022,PONS,HTA,Direct,,,BATTERIE,BATTE,1100.0,1100.0,1100.0,1100.0,1100.0,1.0,En service,1.0,Enedis
Confidentiel,17W000000962006D,172840000,Pont-l'Abbé-d'Arnoult,CC Cur de Saintonge,Charente-Maritime,Nouvelle-Aquitaine,05/03/2020,05/03/2020,10/06/2022,ARNOU,HTA,Direct,,,BATTERIE,BATTE,1100.0,1100.0,1100.0,1100.0,1100.0,1.0,En service,1.0,Enedis
Confidentiel,17W000001009694M,172990402,Rochefort,CA Rochefort Océan,Charente-Maritime,Nouvelle-Aquitaine,28/12/2020,28/12/2020,15/06/2022,ROCH8,HTA,Direct,,,BATTERIE,BATTE,1250.0,1250.0,1250.0,1250.0,1250.0,1.0,En service,1250.0,Enedis
Confidentiel,17W000001375169Z,173470104,Saint-Jean-d'Angély,CC Vals de Saintonge Communauté,Charente-Maritime,Nouvelle-Aquitaine,24/12/2021,24/12/2021,15/06/2022,SSANG,HTA,Direct,,,BATTERIE,BATTE,1572.0,1250.0,1250.0,1250.0,1250.0,1.0,En service,784.0,Enedis
Confidentiel,17W000001004357S,174210102,Saujon,CA Royan Atlantique,Charente-Maritime,Nouvelle-Aquitaine,14/12/2020,14/12/2020,15/06/2022,SAUJO,HTA,Direct,,,BATTERIE,BATTE,1250.0,1250.0,1250.0,1250.0,1250.0,1.0,En service,1250.0,Enedis
Confidentiel,17W000000977742O,174610000,Vaux-sur-Mer,CA Royan Atlantique,Charente-Maritime,Nouvelle-Aquitaine,17/06/2020,17/06/2020,17/02/2021,VAUX,HTA,Direct,,,BATTERIE,BATTE,1100.0,1100.0,1100.0,1100.0,1100.0,1.0,En service,1000.0,Enedis
Confidentiel,17W0000014347727,181090000,Henrichemont,CC Terres du Haut Berry,Cher,Centre-Val de Loire,13/09/2022,13/09/2022,20/12/2022,HENRI,HTA,Direct,,,BATTERIE,BATTE,1250.0,1250.0,1250.0,1250.0,1250.0,1.0,En service,1250.0,Enedis
JALANS01-STOCKAGE N0 01 DE JALANCOURT (RINGO),17W000001339165A,212810000,Fontenelle,CC Mirebellois et Fontenois,Côte-d'Or,Bourgogne-Franche-Comté,,22/07/2021,17/08/2021,JALAN,63 kV,DIRECT,,,BATTERIE,BATTE,12000.0,,12000.0,,,1.0,En service,36990.0,RTE
Confidentiel,17W0000010037122,213550501,Longvic,Dijon Métropole,Côte-d'Or,Bourgogne-Franche-Comté,14/12/2020,14/12/2020,19/04/2022,ROMEL,HTA,Direct,,,BATTERIE,V.INE,1250.0,1250.0,1250.0,1250.0,1250.0,1.0,En service,1.0,Enedis
Confidentiel,17W000001392107N,220020000,Andel,CA Lamballe Terre et Mer,Côtes-d'Armor,Bretagne,24/06/2022,24/06/2022,04/07/2022,LAMBA,HTA,Direct,,,BATTERIE,BATTE,1250.0,1250.0,1250.0,1250.0,1250.0,1.0,En service,784.0,Enedis
Confidentiel,17W000001370526P,220050000,Belle-Isle-en-Terre,CA Guingamp-Paimpol Agglomération de l'Armor à l'Argoat,Côtes-d'Armor,Bretagne,17/03/2022,17/03/2022,10/06/2022,NENEZ,HTA,Direct,,,BATTERIE,BATTE,1250.0,1250.0,1250.0,1250.0,1250.0,1.0,En service,784.0,Enedis
Confidentiel,17W000001351734P,220140000,Bourseul,CA Dinan Agglomération,Côtes-d'Armor,Bretagne,02/12/2021,02/12/2021,16/09/2022,BZSEU,HTA,Direct,,,BATTERIE,BATTE,1250.0,1250.0,1250.0,1250.0,1250.0,1.0,En service,784.0,Enedis
Confidentiel,17W0000014347573,220750000,Hémonstoir,CC Loudéac Communauté - Bretagne Centre,Côtes-d'Armor,Bretagne,26/09/2022,26/09/2022,26/09/2022,REDET,HTA,Direct,,,BATTERIE,BATTE,1572.0,1250.0,1250.0,1250.0,1250.0,1.0,En service,784.0,Enedis
Confidentiel,17W000001366829K,221580000,Guerlédan,CC Loudéac Communauté - Bretagne Centre,Côtes-d'Armor,Bretagne,08/02/2022,08/02/2022,16/09/2022,MUR,HTA,Direct,,,BATTERIE,BATTE,,1250.0,1250.0,,1250.0,1.0,En service,784.0,Enedis
Confidentiel,17W000001370474I,222080000,Plouasne,CA Dinan Agglomération,Côtes-d'Armor,Bretagne,04/03/2022,04/03/2022,14/06/2022,ROPHE,HTA,Direct,,,BATTERIE,BATTE,1572.0,1250.0,1250.0,1250.0,1250.0,1.0,En service,784.0,Enedis
POD-TREDAN-1 STOCKAGE PDL 1,17W000001410322X,222320000,Plourhan,CA Saint-Brieuc Armor Agglomération,Côtes-d'Armor,Bretagne,21/07/2022,21/07/2022,02/09/2022,PLOUR,HTA,Direct,,,BATTERIE,BATTE,4400.0,5500.0,5500.0,4400.0,6130.0,1.0,En service,4145.0,Enedis
POD-TREDAN-1 STOCKAGE PDL2,17W000001410323V,222320000,Plourhan,CA Saint-Brieuc Armor Agglomération,Côtes-d'Armor,Bretagne,21/07/2022,21/07/2022,02/09/2022,PLOUR,HTA,Direct,,,BATTERIE,BATTE,4400.0,5500.0,5500.0,4400.0,6130.0,1.0,En service,4145.0,Enedis
Confidentiel,17W000001436312V,222450000,Pluzunet,CA Lannion-Trégor Communauté,Côtes-d'Armor,Bretagne,04/10/2022,04/10/2022,04/10/2022,PLUZU,HTA,Direct,,,BATTERIE,BATTE,1572.0,1250.0,1250.0,1250.0,1250.0,1.0,En service,784.0,Enedis
Confidentiel,17W000001383873K,223240000,Saint-Quay-Perros,CA Lannion-Trégor Communauté,Côtes-d'Armor,Bretagne,12/05/2022,12/05/2022,10/06/2022,PERR6,HTA,Direct,,,BATTERIE,BATTE,1250.0,1250.0,1250.0,1250.0,1250.0,,En service,784.0,Enedis
Confidentiel,17W0000014023669,223390000,Taden,CA Dinan Agglomération,Côtes-d'Armor,Bretagne,19/07/2022,19/07/2022,19/07/2022,TADEN,HTA,Direct,,,BATTERIE,BATTE,1250.0,1250.0,1250.0,1250.0,1250.0,1.0,En service,784.0,Enedis
Confidentiel,17W000001375221M,,Campagne,CC de la Vallée de l'Homme,Dordogne,Nouvelle-Aquitaine,30/07/2021,30/07/2021,23/08/2022,CAMP6,HTA,Direct,,,BATTERIE,V.INE,1250.0,1250.0,1250.0,1250.0,1250.0,1.0,En service,1000.0,Enedis
Confidentiel,17W000001351979W,242640000,Ménesplet,CC Isle Double Landais,Dordogne,Nouvelle-Aquitaine,02/11/2021,02/11/2021,10/05/2022,MENES,HTA,Direct,,,BATTERIE,BATTE,1250.0,1250.0,1250.0,1250.0,1250.0,1.0,En service,1250.0,Enedis
Confidentiel,17W0000013654901,,Saint-Léon-sur-l'Isle,CC Isle Vern Salembre en Périgord,Dordogne,Nouvelle-Aquitaine,11/02/2022,11/02/2022,31/03/2022,SSISL,HTA,Direct,,,BATTERIE,BATTE,1250.0,1250.0,1250.0,1250.0,1250.0,1.0,En service,784.0,Enedis
STOCKAGE BATTERIE -BOIS-JÉRÔME-SAINT-OUEN,17W000000997002F,270720000,Bois-Jérôme-Saint-Ouen,CA Seine Normandie Agglomération,Eure,Normandie,15/10/2020,15/10/2020,03/02/2021,GROUX,HTA,Direct,,,BATTERIE,BATTE,1250.0,1250.0,1250.0,1250.0,1250.0,1.0,En service,1000.0,Enedis
Confidentiel,17W000000988416Q,271510000,Charleval,CC Lyons Andelle,Eure,Normandie,16/10/2020,16/10/2020,05/08/2021,LECER,HTA,Direct,,,BATTERIE,BATTE,1250.0,1250.0,1250.0,1250.0,1250.0,1.0,En service,1000.0,Enedis
Confidentiel,17W000001436134T,271790000,Courbépine,CC Intercom Bernay Terres de Normandie,Eure,Normandie,20/10/2022,20/10/2022,20/10/2022,LOGER,HTA,Direct,,,BATTERIE,BATTE,1572.0,1250.0,1250.0,1250.0,1250.0,1.0,En service,784.0,Enedis
Confidentiel,17W000001410269B,273400000,Honguemare-Guenouville,CC Roumois Seine,Eure,Normandie,18/07/2022,18/07/2022,18/07/2022,GANTE,HTA,Direct,,,BATTERIE,BATTE,1250.0,1250.0,1250.0,1250.0,1250.0,1.0,En service,784.0,Enedis
Confidentiel,17W000001469185G,274150000,Morainville-Jouveaux,CC Lieuvin Pays d'Auge,Eure,Normandie,22/12/2022,22/12/2022,22/12/2022,VIEVR,HTA,Direct,,,BATTERIE,BATTE,1250.0,1250.0,1250.0,1250.0,1250.0,1.0,En service,784.0,Enedis
Confidentiel,17W000001366679D,274480000,Pacy-sur-Eure,CA Seine Normandie Agglomération,Eure,Normandie,10/11/2021,10/11/2021,16/03/2022,MARN5,HTA,Indirect,,,BATTERIE,,2400.0,,,2400.0,,,En service,0.0,Enedis
Confidentiel,17W000001365582X,274480000,Pacy-sur-Eure,CA Seine Normandie Agglomération,Eure,Normandie,10/11/2021,10/11/2021,16/03/2022,MARN5,HTA,Indirect,,,BATTERIE,,2400.0,,,2400.0,,,En service,0.0,Enedis
Confidentiel,17W000001328874T,275390000,Saint-Étienne-sous-Bailleul,CA Seine-Eure,Eure,Normandie,15/09/2021,15/09/2021,08/04/2022,C.REA,HTA,Direct,,,BATTERIE,BATTE,1250.0,1250.0,1250.0,1250.0,1250.0,1.0,En service,1000.0,Enedis
Confidentiel,17W000001469795Q,275390000,Saint-Étienne-sous-Bailleul,CA Seine-Eure,Eure,Normandie,23/12/2022,23/12/2022,23/12/2022,C.REA,HTA,Direct,,,BATTERIE,BATTE,1250.0,1250.0,1250.0,1250.0,1250.0,1.0,En service,784.0,Enedis
Confidentiel,17W000000988438G,276790103,Verneuil d'Avre et d'Iton,CC Interco Normandie Sud Eure,Eure,Normandie,12/10/2020,12/10/2020,03/02/2021,V.AVR,HTA,Direct,,,BATTERIE,BATTE,1250.0,1250.0,1250.0,1250.0,1250.0,1.0,En service,1000.0,Enedis
Confidentiel,17W000001434867X,280610000,Brou,CC du Grand Châteaudun,Eure-et-Loir,Centre-Val de Loire,13/09/2022,13/09/2022,13/09/2022,BROU5,HTA,Direct,,,BATTERIE,BATTE,1250.0,1250.0,1250.0,1250.0,1250.0,1.0,En service,784.0,Enedis
Confidentiel,17W000001313191E,284010000,Vaupillon,CC Terres de Perche,Eure-et-Loir,Centre-Val de Loire,25/08/2021,25/08/2021,21/12/2022,LOUPE,HTA,Direct,,,BATTERIE,BATTE,1572.0,1250.0,1250.0,1250.0,1250.0,1.0,En service,1000.0,Enedis
Confidentiel,17W0000013145183,284040106,Vernouillet,CA Agglo du Pays de Dreux,Eure-et-Loir,Centre-Val de Loire,28/07/2021,28/07/2021,21/12/2022,ARPEN,HTA,Direct,,,BATTERIE,BATTE,1250.0,1250.0,1250.0,1250.0,1250.0,1.0,En service,1000.0,Enedis
Confidentiel,17W000001410282J,290270000,Châteauneuf-du-Faou,CC de Haute Cornouaille,Finistère,Bretagne,03/08/2022,03/08/2022,03/08/2022,KERBI,HTA,Direct,,,BATTERIE,BATTE,1250.0,1250.0,1250.0,1250.0,1250.0,1.0,En service,784.0,Enedis
Confidentiel,17W0000013603424,290670000,Guerlesquin,CA Morlaix Communauté,Finistère,Bretagne,14/12/2021,14/12/2021,15/06/2022,GUER5,HTA,Direct,,,BATTERIE,BATTE,1250.0,1250.0,1250.0,1250.0,1250.0,1.0,En service,784.0,Enedis
Confidentiel,17W000001351643S,291130000,Lanmeur,CA Morlaix Communauté,Finistère,Bretagne,03/12/2021,03/12/2021,23/09/2022,LANME,HTA,Direct,,,BATTERIE,BATTE,1250.0,1250.0,1250.0,1250.0,1250.0,1.0,En service,892.0,Enedis
Confidentiel,17W000001457544U,291460000,Melgven,CA Concarneau Cornouaille Agglomération,Finistère,Bretagne,15/12/2022,15/12/2022,15/12/2022,MELGV,HTA,Direct,,,BATTERIE,BATTE,1250.0,1250.0,1250.0,1250.0,1250.0,1.0,En service,784.0,Enedis
Confidentiel,17W000000997474B,291460000,Melgven,CA Concarneau Cornouaille Agglomération,Finistère,Bretagne,30/10/2020,30/10/2020,15/06/2022,MELGV,HTA,Direct,,,BATTERIE,BATTE,1250.0,1250.0,1250.0,1250.0,1250.0,1.0,En service,1000.0,Enedis
Confidentiel,17W000001351556N,292330105,Quimperlé,CA Quimperlé Communauté,Finistère,Bretagne,16/11/2021,16/11/2021,15/06/2022,LISLO,HTA,Direct,,,BATTERIE,BATTE,1250.0,1250.0,1250.0,1250.0,1250.0,1.0,En service,784.0,Enedis
Confidentiel,17W0000014102984,292430000,Saint-Coulitz,CC Pleyben-Châteaulin-Porzay,Finistère,Bretagne,24/06/2022,24/06/2022,24/06/2022,SSCO6,HTA,Direct,,,BATTERIE,BATTE,1250.0,1250.0,1250.0,1250.0,1250.0,1.0,En service,784.0,Enedis
Confidentiel,17W000001314431F,292600101,Saint-Renan,CC du Pays d'Iroise,Finistère,Bretagne,12/07/2021,12/07/2021,23/09/2022,SSREN,HTA,Direct,,,BATTERIE,BATTE,1250.0,1250.0,1250.0,1250.0,1250.0,1.0,En service,1.0,Enedis
Confidentiel,17W0000013603238,303110000,Sauve,CC du Piémont Cévenol,Gard,Occitanie,21/01/2022,21/01/2022,21/01/2022,SAUV7,HTA,Direct,,,BATTERIE,BATTE,1250.0,1250.0,1250.0,1250.0,1250.0,1.0,En service,784.0,Enedis
Confidentiel,17W000001383895A,310940000,Buzet-sur-Tarn,CC Val'Aïgo,Haute-Garonne,Occitanie,12/04/2022,12/04/2022,24/05/2022,SSSUL,HTA,Direct,,,BATTERIE,V.INE,1572.0,1250.0,1250.0,1250.0,1250.0,1.0,En service,1.0,Enedis
Confidentiel,17W000001359773C,311880000,Fontenilles,CC de la Gascogne Toulousaine,Haute-Garonne,Occitanie,09/07/2021,09/07/2021,24/01/2022,FTENI,HTA,Indirect,,,BATTERIE,,2400.0,,,2400.0,,,En service,0.0,Enedis
Confidentiel,17W000001344761D,311880000,Fontenilles,CC de la Gascogne Toulousaine,Haute-Garonne,Occitanie,09/11/2021,09/11/2021,07/03/2022,FTENI,HTA,Direct,,,BATTERIE,BATTE,1572.0,1250.0,1250.0,1250.0,1250.0,1.0,En service,1.0,Enedis
Confidentiel,17W000001446299S,,Ondes,CC des Hauts-Tolosans,Haute-Garonne,Occitanie,14/10/2021,14/10/2021,03/04/2022,ONDES,HTA,Direct,,,BATTERIE,,1572.0,,,1250.0,,,En service,0.0,Enedis
SCLE SFE,17W000000430624D,315554003,Toulouse,Toulouse Métropole,Haute-Garonne,Occitanie,01/05/2015,01/05/2015,23/03/2022,UNION,HTA,Direct,,,BATTERIE,BATTE,990.0,1000.0,1000.0,990.0,,1.0,En service,70000.0,Enedis
Confidentiel,17W0000013752296,323440000,Riscle,CC Armagnac Adour,Gers,Occitanie,16/03/2022,16/03/2022,16/03/2022,RISCL,HTA,Direct,,,BATTERIE,BATTE,1572.0,1250.0,1250.0,1250.0,1250.0,1.0,En service,784.0,Enedis
Confidentiel,17W000000997432R,330200000,Auriolles,CC du Pays Foyen,Gironde,Nouvelle-Aquitaine,16/11/2020,16/11/2020,16/11/2020,AURIO,HTA,Direct,,,BATTERIE,V.INE,1250.0,1250.0,1250.0,1250.0,1250.0,1.0,En service,1000.0,Enedis
NWJ PINEUILH,17W000001322036P,333240000,Pineuilh,CC du Pays Foyen,Gironde,Nouvelle-Aquitaine,21/09/2021,21/09/2021,07/03/2022,SSFOY,HTA,Direct,,,BATTERIE,V.INE,1250.0,1250.0,1250.0,1250.0,1250.0,1.0,En service,1000.0,Enedis
Confidentiel,17W000001383881L,341830000,Nissan-lez-Enserune,CC La Domitienne,Hérault,Occitanie,21/04/2022,21/04/2022,21/04/2022,ENSER,HTA,Direct,,,BATTERIE,BATTE,1250.0,1250.0,1250.0,1250.0,1250.0,1.0,En service,784.0,Enedis
Confidentiel,17W000001314080I,350470104,Bruz,Rennes Métropole,Ille-et-Vilaine,Bretagne,29/07/2021,29/07/2021,16/09/2022,BRUZ,HTA,Direct,,,BATTERIE,BATTE,1250.0,1250.0,1250.0,1250.0,1250.0,1.0,En service,892.0,Enedis
Confidentiel,17W0000013667896,350850000,Combourg,CC Bretagne Romantique,Ille-et-Vilaine,Bretagne,24/01/2022,24/01/2022,16/09/2022,COMBO,HTA,Direct,,,BATTERIE,BATTE,1250.0,1250.0,1250.0,1250.0,1250.0,1.0,En service,784.0,Enedis
Confidentiel,17W000001436315P,350890000,La Couyère,CC Bretagne porte de Loire Communauté,Ille-et-Vilaine,Bretagne,07/10/2022,07/10/2022,07/10/2022,PAS,HTA,Direct,,,BATTERIE,BATTE,1250.0,1250.0,1250.0,1250.0,1250.0,1.0,En service,784.0,Enedis
Confidentiel,17W000001410408N,351760000,Guipry-Messac,CC Vallons de Haute-Bretagne Communauté,Ille-et-Vilaine,Bretagne,23/06/2022,23/06/2022,23/06/2022,MESSA,HTA,Direct,,,BATTERIE,BATTE,1250.0,1250.0,1250.0,1250.0,1250.0,1.0,En service,784.0,Enedis
Confidentiel,17W000001239721D,351930000,Montreuil-le-Gast,CC Val d'Ille-Aubigné,Ille-et-Vilaine,Bretagne,05/12/2020,05/12/2020,15/06/2022,CRUEL,HTA,Direct,,,BATTERIE,BATTE,1572.0,1572.0,1572.0,1250.0,1250.0,1.0,En service,1572.0,Enedis
Confidentiel,17W000001345065S,352570000,Maen Roch,CC Couesnon Marches de Bretagne,Ille-et-Vilaine,Bretagne,22/11/2021,22/11/2021,16/09/2022,SSBR6,HTA,Direct,,,BATTERIE,BATTE,1250.0,1250.0,1250.0,1250.0,1250.0,1.0,En service,784.0,Enedis
Confidentiel,17W000001010418B,352580000,Saint-Brieuc-des-Iffs,CC Bretagne Romantique,Ille-et-Vilaine,Bretagne,16/12/2020,16/12/2020,09/08/2022,TINTE,HTA,Direct,,,BATTERIE,BATTE,1572.0,1250.0,1250.0,1250.0,1250.0,1.0,En service,1.0,Enedis
Confidentiel,17W0000013840772,353080000,Mesnil-Roc'h,CC Bretagne Romantique,Ille-et-Vilaine,Bretagne,17/05/2022,17/05/2022,10/06/2022,TRES5,HTA,Direct,,,BATTERIE,BATTE,1250.0,1250.0,1250.0,1250.0,1250.0,1.0,En service,784.0,Enedis
Confidentiel,17W000001022753I,353530000,Vezin-le-Coquet,Rennes Métropole,Ille-et-Vilaine,Bretagne,11/12/2020,11/12/2020,15/06/2022,RENNE,HTA,Direct,,,BATTERIE,BATTE,1572.0,1250.0,1250.0,1250.0,1250.0,1.0,En service,784.0,Enedis
Confidentiel,17W000001010378Y,353600101,Vitré,CA Vitré Communauté,Ille-et-Vilaine,Bretagne,25/01/2020,25/01/2020,15/06/2022,VITRE,HTA,Direct,,,BATTERIE,BATTE,1250.0,1250.0,1250.0,1250.0,1250.0,1.0,En service,1572.0,Enedis
Confidentiel,17W0000013921942,362000000,Saint-Marcel,CC Éguzon - Argenton - Vallée de la Creuse,Indre,Centre-Val de Loire,08/06/2022,08/06/2022,20/12/2022,SSMCE,HTA,Direct,,,BATTERIE,BATTE,1250.0,1250.0,1250.0,1250.0,1250.0,1.0,En service,784.0,Enedis
Confidentiel,17W000001344641N,370270000,Bléré,CC Autour de Chenonceaux Bléré-Val de Cher,Indre-et-Loire,Centre-Val de Loire,09/11/2021,09/11/2021,21/12/2022,BLERE,HTA,Direct,,,BATTERIE,BATTE,1250.0,1250.0,1250.0,1250.0,1250.0,1.0,En service,784.0,Enedis
Confidentiel,17W000001434804K,370270000,Bléré,CC Autour de Chenonceaux Bléré-Val de Cher,Indre-et-Loire,Centre-Val de Loire,19/09/2022,19/09/2022,18/11/2022,BLERE,HTA,Direct,,,BATTERIE,BATTE,1250.0,1250.0,1250.0,1250.0,1250.0,1.0,En service,784.0,Enedis
Confidentiel,17W000001344957X,370720000,Chinon,"CC Chinon, Vienne et Loire",Indre-et-Loire,Centre-Val de Loire,28/10/2021,28/10/2021,21/12/2022,CHIN5,HTA,Direct,,,BATTERIE,BATTE,1572.0,1250.0,1250.0,1250.0,1250.0,1.0,En service,784.0,Enedis
Confidentiel,17W000001365761X,370840000,Couesmes,CC Touraine Ouest Val de Loire,Indre-et-Loire,Centre-Val de Loire,02/02/2022,02/02/2022,20/12/2022,COUE5,HTA,Direct,,,BATTERIE,BATTE,1250.0,1250.0,1250.0,1250.0,1250.0,1.0,En service,784.0,Enedis
Confidentiel,17W0000013600492,371690000,Neuville-sur-Brenne,CC du Castelrenaudais,Indre-et-Loire,Centre-Val de Loire,29/12/2021,29/12/2021,20/12/2022,C.REN,HTA,Direct,,,BATTERIE,BATTE,1250.0,1250.0,1250.0,1250.0,1250.0,1.0,En service,784.0,Enedis
Confidentiel,17W000001344814I,372260000,Sainte-Maure-de-Touraine,CC Touraine Val de Vienne,Indre-et-Loire,Centre-Val de Loire,03/11/2021,03/11/2021,21/12/2022,GARD9,HTA,Direct,,,BATTERIE,BATTE,1572.0,1250.0,1250.0,1250.0,1250.0,1.0,En service,784.0,Enedis
Confidentiel,17W000001345081U,372450000,Semblançay,CC de Gâtine-Racan,Indre-et-Loire,Centre-Val de Loire,17/11/2021,17/11/2021,01/12/2022,SEMBL,HTA,Direct,,,BATTERIE,BATTE,1250.0,1250.0,1250.0,1250.0,1250.0,1.0,En service,784.0,Enedis
Confidentiel,17W000001360183Z,372611803,Tours,Tours Métropole Val de Loire,Indre-et-Loire,Centre-Val de Loire,09/12/2021,09/12/2021,20/12/2022,PELOU,HTA,Direct,,,BATTERIE,BATTE,1250.0,1250.0,1250.0,1250.0,1250.0,1.0,En service,784.0,Enedis
Confidentiel,17W000001383967B,381570000,Estrablin,CA Vienne Condrieu,Isère,Auvergne-Rhône-Alpes,16/05/2022,16/05/2022,30/08/2022,P.EVE,HTA,Direct,,,BATTERIE,BATTE,1250.0,1250.0,1250.0,1250.0,1250.0,1.0,En service,784.0,Enedis
Confidentiel,17W0000014360987,382470000,Montalieu-Vercieu,CC Les Balcons du Dauphiné,Isère,Auvergne-Rhône-Alpes,04/11/2022,04/11/2022,04/11/2022,MTALI,HTA,Direct,,,BATTERIE,BATTE,1250.0,1250.0,1250.0,1250.0,1250.0,1.0,En service,784.0,Enedis
Confidentiel,17W0000014360979,384650000,Saint-Victor-de-Morestel,CC Les Balcons du Dauphiné,Isère,Auvergne-Rhône-Alpes,04/11/2022,04/11/2022,04/11/2022,MORES,HTA,Direct,,,BATTERIE,BATTE,1250.0,1250.0,1250.0,1250.0,1250.0,1.0,En service,784.0,Enedis
Confidentiel,17W000001410317Q,385370102,La Verpillière,CA Porte de l'Isère (CAPI),Isère,Auvergne-Rhône-Alpes,11/08/2022,11/08/2022,07/11/2022,SSQUE,HTA,Direct,,,BATTERIE,BATTE,1250.0,1250.0,1250.0,1250.0,1250.0,1.0,En service,784.0,Enedis
Confidentiel,17W000001457618R,395260000,Tavaux,CA du Grand Dole,Jura,Bourgogne-Franche-Comté,16/12/2022,16/12/2022,16/12/2022,CPDIV,HTA,Direct,,,BATTERIE,BATTE,1250.0,1250.0,1250.0,1250.0,1250.0,1.0,En service,784.0,Enedis
Confidentiel,17W000000909382N,400210000,Azur,CC Maremne Adour Côte Sud,Landes,Nouvelle-Aquitaine,29/01/2019,29/01/2019,01/07/2019,SOUST,HTA,Direct,,,BATTERIE,BATTE,6000.0,6000.0,6000.0,6000.0,6000.0,4.0,En service,6000.0,Enedis
Confidentiel,17W000000997470J,400460104,Biscarrosse,CC des Grands Lacs,Landes,Nouvelle-Aquitaine,10/11/2020,10/11/2020,25/01/2021,NAVA5,HTA,Direct,,,BATTERIE,BATTE,1250.0,1250.0,1250.0,1250.0,1250.0,1.0,En service,1000.0,Enedis
Confidentiel,17W000001004737I,401190000,Hagetmau,CC Chalosse Tursan,Landes,Nouvelle-Aquitaine,16/11/2020,16/11/2020,02/03/2021,HAGET,HTA,Direct,,,BATTERIE,V.INE,1250.0,1250.0,1250.0,1250.0,1250.0,1.0,En service,1000.0,Enedis
Confidentiel,17W000001352025C,401850000,Miramont-Sensacq,CC Chalosse Tursan,Landes,Nouvelle-Aquitaine,23/12/2021,23/12/2021,23/12/2021,M.SEN,HTA,Direct,,,BATTERIE,BATTE,1250.0,1250.0,1250.0,1250.0,1250.0,1.0,En service,784.0,Enedis
Centrale Photovoltaique PVEOLE 03 Antenne 1,17W000001402450K,411350000,Mennetou-sur-Cher,CC du Romorantinais et du Monestois,Loir-et-Cher,Centre-Val de Loire,15/07/2022,15/07/2022,23/12/2022,ROMOR,HTA,Direct,,,PHOTOVOLTAIQUE,BATTE,1250.0,1250.0,1250.0,1670.0,1250.0,1.0,En service,1457.0,Enedis
Centrale Photovoltaique PVEOLE 03 Antenne 3,17W000001402454C,411350000,Mennetou-sur-Cher,CC du Romorantinais et du Monestois,Loir-et-Cher,Centre-Val de Loire,01/07/2022,01/07/2022,23/12/2022,BOURG,HTA,Direct,,,PHOTOVOLTAIQUE,BATTE,1760.0,1250.0,1250.0,1700.0,1250.0,1.0,En service,1457.0,Enedis
Centrale Photovoltaique PVEOLE 03 Antenne 2,17W000001402453E,411350000,Mennetou-sur-Cher,CC du Romorantinais et du Monestois,Loir-et-Cher,Centre-Val de Loire,24/06/2022,24/06/2022,23/12/2022,ROMOR,HTA,Direct,,,PHOTOVOLTAIQUE,BATTE,1250.0,1250.0,1250.0,1760.0,1250.0,1.0,En service,1457.0,Enedis
Confidentiel,17W000001345241Y,412520000,Suèvres,CC Beauce Val de Loire,Loir-et-Cher,Centre-Val de Loire,24/11/2021,24/11/2021,20/12/2022,GRIBO,HTA,Direct,,,BATTERIE,BATTE,1250.0,1250.0,1250.0,1250.0,1250.0,1.0,En service,784.0,Enedis
Confidentiel,17W000001436143S,420590000,Chazelles-sur-Lyon,CC de Forez-Est,Loire,Auvergne-Rhône-Alpes,13/10/2022,13/10/2022,02/12/2022,CHAZ5,HTA,Direct,,,BATTERIE,BATTE,1250.0,1250.0,1250.0,1250.0,1250.0,1.0,En service,784.0,Enedis
Confidentiel,17W000001457580Q,421320000,Malleval,CC du Pilat Rhodanien,Loire,Auvergne-Rhône-Alpes,01/12/2022,01/12/2022,01/12/2022,BESS5,HTA,Direct,,,BATTERIE,BATTE,,1250.0,1250.0,,1250.0,1.0,En service,784.0,Enedis
Confidentiel,17W000001457646M,421500000,Montverdun,CA Loire Forez Agglomération,Loire,Auvergne-Rhône-Alpes,20/12/2022,20/12/2022,20/12/2022,MTVER,HTA,Direct,,,BATTERIE,BATTE,1572.0,1250.0,1250.0,1250.0,1250.0,1.0,En service,784.0,Enedis
Confidentiel,17W000001436224S,421560000,Neulise,CC du Pays entre Loire et Rhône,Loire,Auvergne-Rhône-Alpes,05/10/2022,05/10/2022,05/10/2022,NEULI,HTA,Direct,,,BATTERIE,BATTE,1250.0,1250.0,1250.0,1250.0,1250.0,1.0,En service,784.0,Enedis
Confidentiel,17W000001457542Y,421870501,Roanne,CA Roannais Agglomération,Loire,Auvergne-Rhône-Alpes,20/12/2022,20/12/2022,20/12/2022,MATEL,HTA,Direct,,,BATTERIE,BATTE,1250.0,1250.0,1250.0,1250.0,1250.0,1.0,En service,784.0,Enedis
Confidentiel,17W000001436363E,423230101,Veauche,CC de Forez-Est,Loire,Auvergne-Rhône-Alpes,25/10/2022,25/10/2022,02/12/2022,VEAUC,HTA,Direct,,,BATTERIE,BATTE,1250.0,1250.0,1250.0,1250.0,1250.0,1.0,En service,784.0,Enedis
Confidentiel,17W000001314124O,440150000,Blain,CC Pays de Blain Communauté,Loire-Atlantique,Pays de la Loire,13/07/2021,13/07/2021,15/06/2022,BLAIN,HTA,Direct,,,BATTERIE,BATTE,1250.0,1250.0,1250.0,1250.0,1250.0,1.0,En service,1000.0,Enedis
Confidentiel,17W000001321715A,440260108,Carquefou,Nantes Métropole,Loire-Atlantique,Pays de la Loire,09/08/2021,09/08/2021,15/06/2022,CARQ5,HTA,Direct,,,BATTERIE,BATTE,1250.0,1250.0,1250.0,1250.0,1250.0,1.0,En service,1000.0,Enedis
Confidentiel,17W000001313316K,440510000,Derval,CC Châteaubriant-Derval,Loire-Atlantique,Pays de la Loire,20/07/2021,20/07/2021,23/09/2022,DERVA,HTA,Direct,,,BATTERIE,BATTE,1250.0,1100.0,1100.0,1250.0,1100.0,1.0,En service,1000.0,Enedis
Confidentiel,17W000001457843K,440510000,Derval,CC Châteaubriant-Derval,Loire-Atlantique,Pays de la Loire,19/12/2022,19/12/2022,19/12/2022,DERVA,HTA,Direct,,,BATTERIE,BATTE,1250.0,1250.0,1250.0,1250.0,1250.0,1.0,En service,784.0,Enedis
Confidentiel,17W000001322131V,440630000,Gétigné,CA Clisson Sèvre et Maine Agglo,Loire-Atlantique,Pays de la Loire,23/08/2021,23/08/2021,23/09/2022,RECOU,HTA,Direct,,,BATTERIE,BATTE,1250.0,1250.0,1250.0,1250.0,1250.0,1.0,En service,1000.0,Enedis
Confidentiel,17W000001375222K,440690106,Guérande,CA de la Presqu'île de Guérande Atlantique (Cap Atlantique),Loire-Atlantique,Pays de la Loire,15/03/2022,15/03/2022,10/06/2022,GUERA,HTA,Direct,,,BATTERIE,BATTE,1250.0,1250.0,1250.0,1250.0,1250.0,1.0,En service,784.0,Enedis
Confidentiel,17W000001017242O,440750000,Issé,CC Châteaubriant-Derval,Loire-Atlantique,Pays de la Loire,15/12/2020,15/12/2020,15/06/2022,,HTA,Direct,,,BATTERIE,BATTE,1572.0,1250.0,1250.0,1250.0,1250.0,1.0,En service,1000.0,Enedis
Confidentiel,17W0000010044129,440870102,Machecoul-Saint-Même,CC Sud Retz Atlantique,Loire-Atlantique,Pays de la Loire,14/12/2020,14/12/2020,15/06/2022,MACHE,HTA,Direct,,,BATTERIE,BATTE,1250.0,1250.0,1250.0,1250.0,1250.0,1.0,En service,1000.0,Enedis
Confidentiel,17W0000010167801,441290101,Pontchâteau,CC du Pays de Pontchâteau Saint-Gildas-des-Bois,Loire-Atlantique,Pays de la Loire,19/01/2021,19/01/2021,15/06/2022,PTCHA,HTA,Direct,,,BATTERIE,BATTE,1572.0,1250.0,1250.0,1250.0,1250.0,1.0,En service,1000.0,Enedis
Confidentiel,17W000001313313Q,441440000,Riaillé,CC du Pays d'Ancenis,Loire-Atlantique,Pays de la Loire,10/08/2021,10/08/2021,15/06/2022,RIAIL,HTA,Direct,,,BATTERIE,BATTE,1250.0,1250.0,1250.0,1250.0,1250.0,1.0,En service,1000.0,Enedis
Confidentiel,17W000001017551B,441580101,Saint-Étienne-de-Montluc,CC Estuaire et Sillon,Loire-Atlantique,Pays de la Loire,21/12/2020,21/12/2020,15/06/2022,MTLU5,HTA,Direct,,,BATTERIE,V.INE,1572.0,1250.0,1250.0,1250.0,1250.0,1.0,En service,1000.0,Enedis
Confidentiel,17W0000010166813,441870000,Saint-Père-en-Retz,CC du Sud Estuaire,Loire-Atlantique,Pays de la Loire,22/12/2020,22/12/2020,15/06/2022,SSRET,HTA,Direct,,,BATTERIE,BATTE,1250.0,1572.0,1572.0,1250.0,1572.0,1.0,En service,1000.0,Enedis
Confidentiel,17W000001004517W,441880101,Saint-Philbert-de-Grand-Lieu,CC Grand Lieu Communauté,Loire-Atlantique,Pays de la Loire,27/11/2020,27/11/2020,15/06/2022,G.LIE,HTA,Direct,,,BATTERIE,BATTE,1250.0,1250.0,1250.0,1250.0,1250.0,1.0,En service,1000.0,Enedis
Confidentiel,17W000001320529C,441950000,Savenay,CC Estuaire et Sillon,Loire-Atlantique,Pays de la Loire,26/08/2021,26/08/2021,15/06/2022,SAVEN,HTA,Direct,,,BATTERIE,BATTE,1250.0,1250.0,1250.0,1250.0,1250.0,1.0,En service,1000.0,Enedis
Confidentiel,17W0000014954686,441960000,Sévérac,CC du Pays de Pontchâteau Saint-Gildas-des-Bois,Loire-Atlantique,Pays de la Loire,29/12/2022,29/12/2022,29/12/2022,SEVE5,HTA,Direct,,,BATTERIE,BATTE,1250.0,1250.0,1250.0,1250.0,1250.0,1.0,En service,784.0,Enedis
Confidentiel,17W000001322157D,441960000,Sévérac,CC du Pays de Pontchâteau Saint-Gildas-des-Bois,Loire-Atlantique,Pays de la Loire,12/08/2021,12/08/2021,16/09/2022,SEVE5,HTA,Direct,,,BATTERIE,BATTE,1250.0,1250.0,1250.0,1250.0,1250.0,1.0,En service,1000.0,Enedis
Confidentiel,17W000001434924A,442120103,Vallet,CC Sèvre et Loire,Loire-Atlantique,Pays de la Loire,27/09/2022,27/09/2022,27/09/2022,VALL6,HTA,Direct,,,BATTERIE,BATTE,1250.0,1250.0,1250.0,1250.0,1250.0,1.0,En service,784.0,Enedis
Confidentiel,17W0000010104563,442120103,Vallet,CC Sèvre et Loire,Loire-Atlantique,Pays de la Loire,18/12/2020,18/12/2020,15/06/2022,VALL6,HTA,Direct,,,BATTERIE,BATTE,1250.0,1250.0,1250.0,1250.0,1250.0,1.0,En service,1000.0,Enedis
Confidentiel,17W000001434893W,450040103,Amilly,CA Montargoise et Rives du Loing (AME),Loiret,Centre-Val de Loire,29/09/2022,29/09/2022,20/12/2022,AMILL,HTA,Direct,,,BATTERIE,BATTE,1250.0,1250.0,1250.0,1250.0,1250.0,1.0,En service,784.0,Enedis
Confidentiel,17W000001392286Y,450280000,Beaugency,CC des Terres du Val de Loire,Loiret,Centre-Val de Loire,24/06/2022,24/06/2022,20/12/2022,BXGEN,HTA,Direct,,,BATTERIE,BATTE,1250.0,1250.0,1250.0,1250.0,1250.0,1.0,En service,784.0,Enedis
Confidentiel,17W000001402428D,451870000,Lorris,CC Canaux et Forêts en Gâtinais,Loiret,Centre-Val de Loire,05/07/2022,05/07/2022,20/12/2022,LORRI,HTA,Direct,,,BATTERIE,BATTE,1250.0,1250.0,1250.0,1250.0,1250.0,1.0,En service,784.0,Enedis
Confidentiel,17W000001402443H,452030000,Meung-sur-Loire,CC des Terres du Val de Loire,Loiret,Centre-Val de Loire,27/07/2022,27/07/2022,20/12/2022,CHAFA,HTA,Direct,,,BATTERIE,BATTE,1250.0,1250.0,1250.0,1250.0,1250.0,1.0,En service,784.0,Enedis
Confidentiel,17W000001359703X,452290000,Nogent-sur-Vernisson,CC Canaux et Forêts en Gâtinais,Loiret,Centre-Val de Loire,20/12/2021,20/12/2021,20/12/2022,PAYOL,HTA,Direct,,,BATTERIE,BATTE,1250.0,1250.0,1250.0,1250.0,1250.0,1.0,En service,784.0,Enedis
Confidentiel,17W0000013706847,453150000,Sully-sur-Loire,CC du Val de Sully,Loiret,Centre-Val de Loire,01/02/2022,01/02/2022,20/12/2022,S.LOI,HTA,Direct,,,BATTERIE,BATTE,1250.0,1250.0,1250.0,1250.0,1250.0,1.0,En service,784.0,Enedis
BP 47,17W000001360109A,470310000,Boé,CA Agglomération d'Agen,Lot-et-Garonne,Nouvelle-Aquitaine,27/09/2021,27/09/2021,24/01/2022,,HTA,Indirect,,,BATTERIE,BATTE,2400.0,2400.0,2400.0,2400.0,2400.0,3.0,En service,2700.0,Enedis
Confidentiel,17W0000013136338,470830000,Doudrac,CC des Bastides en Haut Agenais Périgord,Lot-et-Garonne,Nouvelle-Aquitaine,18/08/2021,18/08/2021,08/03/2022,DOUDR,HTA,Direct,,,BATTERIE,BATTE,1250.0,1250.0,1250.0,1250.0,1250.0,1.0,En service,1000.0,Enedis
Confidentiel,17W0000013751656,490120000,Aubigné-sur-Layon,CC Loire Layon Aubance,Maine-et-Loire,Pays de la Loire,24/03/2022,24/03/2022,10/06/2022,AUBIG,HTA,Direct,,,BATTERIE,BATTE,1250.0,1250.0,1250.0,1250.0,1250.0,1.0,En service,784.0,Enedis
Confidentiel,17W000001359878Z,490150110,Avrillé,CU Angers Loire Métropole,Maine-et-Loire,Pays de la Loire,03/01/2022,03/01/2022,15/06/2022,AVRIL,HTA,Direct,,,BATTERIE,BATTE,1572.0,1250.0,1250.0,1250.0,1250.0,1.0,En service,784.0,Enedis
Confidentiel,17W000001392237A,490200000,Beaucouzé,CU Angers Loire Métropole,Maine-et-Loire,Pays de la Loire,03/06/2022,03/06/2022,24/08/2022,BXCOU,HTA,Direct,,,BATTERIE,BATTE,1250.0,1250.0,1250.0,1250.0,1250.0,1.0,En service,784.0,Enedis
Confidentiel,17W000001446565X,500960000,Canteloup,CA du Cotentin,Manche,Normandie,22/11/2022,22/11/2022,22/11/2022,VALCA,HTA,Direct,,,BATTERIE,BATTE,1250.0,1250.0,1250.0,1250.0,1250.0,1.0,En service,784.0,Enedis
Confidentiel,17W000001469470H,502980000,Méautis,CC de la Baie du Cotentin,Manche,Normandie,14/12/2022,14/12/2022,14/12/2022,ALERI,HTA,Direct,,,BATTERIE,BATTE,1250.0,1250.0,1250.0,1250.0,1250.0,1.0,En service,784.0,Enedis
Confidentiel,17W000001457585G,504360000,Romagny Fontenay,CA Mont-Saint-Michel-Normandie,Manche,Normandie,16/12/2022,16/12/2022,16/12/2022,MORTA,HTA,Direct,,,BATTERIE,BATTE,1250.0,1250.0,1250.0,1250.0,1250.0,1.0,En service,784.0,Enedis
Confidentiel,17W000001410361N,504840000,Saint-Hilaire-du-Harcouët,CA Mont-Saint-Michel-Normandie,Manche,Normandie,27/07/2022,27/07/2022,27/07/2022,LAIRO,HTA,Direct,,,BATTERIE,BATTE,1572.0,1250.0,1250.0,1250.0,1250.0,1.0,En service,784.0,Enedis
Confidentiel,17W000001436305S,512170000,Dormans,CC des Paysages de la Champagne,Marne,Grand Est,03/11/2022,03/11/2022,03/11/2022,DORMA,HTA,Direct,,,BATTERIE,BATTE,1250.0,1250.0,1250.0,1250.0,1250.0,1.0,En service,784.0,Enedis
Confidentiel,17W0000009889077,514400000,Pontfaverger-Moronvilliers,CU du Grand Reims,Marne,Grand Est,26/11/2020,26/11/2020,18/10/2022,PTFAV,HTA,Direct,,,BATTERIE,BATTE,1250.0,1250.0,1250.0,1250.0,1250.0,1.0,En service,1000.0,Enedis
Confidentiel,17W000000958064C,,Châteauvillain,CC des Trois Forêts,Haute-Marne,Grand Est,13/01/2020,13/01/2020,02/11/2022,P.VIL,HTA,Direct,,,BATTERIE,BATTE,12880.0,4107.0,4107.0,4880.0,4107.0,7.0,En service,8214.0,Enedis
Confidentiel,17W0000013514421,523530000,Nogent,CA de Chaumont,Haute-Marne,Grand Est,30/09/2021,30/09/2021,18/10/2022,BASS6,HTA,Direct,,,BATTERIE,BATTE,1250.0,1250.0,1250.0,1250.0,1250.0,1.0,En service,784.0,Enedis
Confidentiel,17W0000013519818,525170000,Vesaignes-sous-Lafauche,CC Meuse Rognon,Haute-Marne,Grand Est,20/12/2021,20/12/2021,18/10/2022,VESAI,HTA,Direct,,,BATTERIE,BATTE,1250.0,1250.0,1250.0,1250.0,1250.0,1.0,En service,784.0,Enedis
Confidentiel,17W0000014958533,540540000,Bayon,CC Meurthe Mortagne Moselle,Meurthe-et-Moselle,Grand Est,05/07/2022,05/07/2022,05/07/2022,BAYON,HTA,Direct,,,BATTERIE,BATTE,1250.0,1250.0,1250.0,1250.0,1250.0,1.0,En service,784.0,Enedis
Confidentiel,17W000001345057R,542290000,Glonville,CC du Territoire de Lunéville à Baccarat,Meurthe-et-Moselle,Grand Est,04/11/2021,04/11/2021,18/10/2022,GLONV,HTA,Direct,,,BATTERIE,BATTE,1250.0,1250.0,1250.0,1250.0,1250.0,1.0,En service,784.0,Enedis
Confidentiel,17W0000014349274,542290000,Glonville,CC du Territoire de Lunéville à Baccarat,Meurthe-et-Moselle,Grand Est,22/09/2022,22/09/2022,30/11/2022,GLONV,HTA,Direct,,,BATTERIE,BATTE,1250.0,1250.0,1250.0,1250.0,1250.0,1.0,En service,784.0,Enedis
Confidentiel,17W000001402181L,544420000,Quevilloncourt,CC du Pays du Saintois,Meurthe-et-Moselle,Grand Est,07/07/2022,07/07/2022,30/11/2022,QUEVI,HTA,Direct,,,BATTERIE,BATTE,1250.0,1250.0,1250.0,1250.0,1250.0,1.0,En service,784.0,Enedis
Confidentiel,17W000001360107E,545490000,Varangéville,CC des Pays du Sel et du Vermois,Meurthe-et-Moselle,Grand Est,03/12/2021,03/12/2021,18/10/2022,VARAN,HTA,Direct,,,BATTERIE,BATTE,1250.0,1250.0,1250.0,1250.0,1250.0,1.0,En service,784.0,Enedis
Confidentiel,17W0000014349266,552920000,Liny-devant-Dun,CC du Pays de Stenay et du Val Dunois,Meuse,Grand Est,21/09/2022,21/09/2022,30/11/2022,SOMBU,HTA,Direct,,,BATTERIE,BATTE,1250.0,1250.0,1250.0,1250.0,1250.0,1.0,En service,784.0,Enedis
Confidentiel,17W000001017468Z,560010000,Allaire,CA Redon Agglomération,Morbihan,Bretagne,18/12/2020,18/12/2020,15/06/2022,ALLAI,HTA,Direct,,,BATTERIE,BATTE,1572.0,1250.0,1250.0,1250.0,1250.0,1.0,En service,1000.0,Enedis
Confidentiel,17W000001321968I,560100000,Baud,CC Baud Communauté,Morbihan,Bretagne,03/09/2021,03/09/2021,23/09/2022,BAUD,HTA,Direct,,,BATTERIE,BATTE,1250.0,1250.0,1250.0,1250.0,1250.0,1.0,En service,1000.0,Enedis
Confidentiel,17W0000010175472,560170000,Bignan,CC Centre Morbihan Communauté,Morbihan,Bretagne,23/12/2020,23/12/2020,15/06/2022,BIGNA,HTA,Direct,,,BATTERIE,BATTE,1250.0,1250.0,1250.0,1250.0,1250.0,1.0,En service,1.0,Enedis
Confidentiel,17W000001359854C,560290000,Calan,CA Lorient Agglomération,Morbihan,Bretagne,13/01/2022,13/01/2022,16/09/2022,PLOUA,HTA,Direct,,,BATTERIE,BATTE,1250.0,1250.0,1250.0,1250.0,1250.0,1.0,En service,784.0,Enedis
Confidentiel,17W000001436123Y,560750101,Guer,CC de l'Oust à Brocéliande,Morbihan,Bretagne,12/10/2022,12/10/2022,12/10/2022,GUER,HTA,Direct,,,BATTERIE,BATTE,1250.0,1250.0,1250.0,1250.0,1250.0,1.0,En service,784.0,Enedis
Confidentiel,17W000001322192B,561260000,Marzan,CC Arc Sud Bretagne,Morbihan,Bretagne,31/08/2021,31/08/2021,23/09/2022,MARZA,HTA,Direct,,,BATTERIE,BATTE,1250.0,1250.0,1250.0,1250.0,1250.0,1.0,En service,1000.0,Enedis
Confidentiel,17W000001457437V,561510000,Noyal-Pontivy,CC Pontivy Communauté,Morbihan,Bretagne,07/12/2022,07/12/2022,07/12/2022,KERBO,HTA,Direct,,,BATTERIE,BATTE,1250.0,1250.0,1250.0,1250.0,1250.0,1.0,En service,784.0,Enedis
Confidentiel,17W0000010168514,561640000,Ploeren,CA Golfe du Morbihan - Vannes Agglomération,Morbihan,Bretagne,14/12/2020,14/12/2020,15/06/2022,PLOE5,HTA,Direct,,,BATTERIE,BATTE,1250.0,1250.0,1250.0,1250.0,1250.0,1.0,En service,1000.0,Enedis
Confidentiel,17W000001010711D,561680000,Plouharnel,CC Auray Quiberon Terre Atlantique,Morbihan,Bretagne,15/12/2020,15/12/2020,15/06/2022,KERHE,HTA,Direct,,,BATTERIE,BATTE,1250.0,1250.0,1250.0,1250.0,1250.0,1.0,En service,1250.0,Enedis
Confidentiel,17W000001322051T,562180000,Saint-Gravé,CC Questembert Communauté,Morbihan,Bretagne,08/09/2021,08/09/2021,23/09/2022,SSGRA,HTA,Direct,,,BATTERIE,BATTE,1250.0,1250.0,1250.0,1250.0,1250.0,1.0,En service,1000.0,Enedis
NWJ MET_THEIX NOYALO,17W000001322107S,562510102,Theix-Noyalo,CA Golfe du Morbihan - Vannes Agglomération,Morbihan,Bretagne,01/09/2021,01/09/2021,15/06/2022,THEIX,HTA,Direct,,,BATTERIE,BATTE,1250.0,1250.0,1250.0,1250.0,1250.0,1.0,En service,1000.0,Enedis
Confidentiel,17W000001402221Z,570170000,Amanvillers,Metz Métropole,Moselle,Grand Est,28/04/2022,28/04/2022,18/10/2022,AMANV,HTA,Direct,,,BATTERIE,BATTE,1250.0,1250.0,1250.0,1250.0,1250.0,1.0,En service,784.0,Enedis
Confidentiel,17W000001402168D,570970000,Boulay-Moselle,CC Houve-Pays Boulageois,Moselle,Grand Est,14/05/2022,14/05/2022,18/10/2022,BOULA,HTA,Direct,,,BATTERIE,BATTE,1250.0,1250.0,1250.0,1250.0,1250.0,1.0,En service,784.0,Enedis
Confidentiel,17W000001434553J,572890000,Hambach,CA Sarreguemines Confluences,Moselle,Grand Est,07/09/2022,07/09/2022,30/11/2022,HAMBA,HTA,Direct,,,BATTERIE,BATTE,1250.0,1250.0,1250.0,1250.0,1250.0,1.0,En service,784.0,Enedis
Confidentiel,17W000001392062J,576000000,Roussy-le-Village,CC de Cattenom et Environs,Moselle,Grand Est,04/03/2022,04/03/2022,18/10/2022,ROUS7,HTA,Direct,,,BATTERIE,BATTE,1250.0,1250.0,1250.0,1250.0,1250.0,1.0,En service,784.0,Enedis
SYNTHS01-STOCKAGE N0 01 DE SYNTHESE,17W0000013536496,576060106,Saint-Avold,CA Saint-Avold Synergie,Moselle,Grand Est,,11/10/2021,22/11/2021,SYNTH,63 kV,DIRECT,,,BATTERIE,BATTE,25000.0,,25000.0,,,1.0,En service,25000.0,RTE
Confidentiel,17W000001360282X,580550000,Champvert,CC Sud Nivernais,Nièvre,Bourgogne-Franche-Comté,21/12/2021,21/12/2021,19/04/2022,CPVER,HTA,Direct,,,BATTERIE,BATTE,1250.0,1250.0,1250.0,1250.0,1250.0,1.0,En service,784.0,Enedis
Confidentiel,17W000001351482Q,580630000,Château-Chinon (Campagne),CC Morvan Sommets et Grands Lacs,Nièvre,Bourgogne-Franche-Comté,15/12/2021,15/12/2021,19/04/2022,C.CHI,HTA,Direct,,,BATTERIE,BATTE,1572.0,1250.0,1250.0,1250.0,1250.0,1.0,En service,784.0,Enedis
Confidentiel,17W000001359683D,580830000,Corbigny,CC Tannay-Brinon-Corbigny,Nièvre,Bourgogne-Franche-Comté,23/12/2021,23/12/2021,19/04/2022,CORB9,HTA,Direct,,,BATTERIE,BATTE,1572.0,1250.0,1250.0,1250.0,1250.0,1.0,En service,784.0,Enedis
Confidentiel,17W000001372440P,582600000,Saint-Parize-le-Châtel,CC Loire et Allier,Nièvre,Bourgogne-Franche-Comté,22/02/2022,22/02/2022,19/04/2022,PARIZ,HTA,Direct,,,BATTERIE,BATTE,1572.0,1250.0,1250.0,1250.0,1250.0,1.0,En service,784.0,Enedis
Confidentiel,17W0000013602533,582640000,Saint-Pierre-le-Moûtier,CC du Nivernais Bourbonnais,Nièvre,Bourgogne-Franche-Comté,28/01/2022,28/01/2022,19/04/2022,SSMO6,HTA,Direct,,,BATTERIE,BATTE,1250.0,1250.0,1250.0,1250.0,1250.0,1.0,En service,784.0,Enedis
Confidentiel,17W000001434761C,582640000,Saint-Pierre-le-Moûtier,CC du Nivernais Bourbonnais,Nièvre,Bourgogne-Franche-Comté,13/09/2022,13/09/2022,13/10/2022,SSMO6,HTA,Direct,,,BATTERIE,BATTE,1572.0,1250.0,1250.0,1250.0,1250.0,1.0,En service,784.0,Enedis
ESQUES01-STOCKAGE N0 01 DE ESQUERCHIN,17W0000013391676,591650103,Cuincy,CA Douaisis Agglo,Nord,Hauts-de-France,,07/01/2020,22/06/2020,ESQUE,90 kV,INDIRECT,,,BATTERIE,BATTE,4880.0,,4760.0,,,1.0,En service,40000.0,RTE
FORTES01-STOCKAGE N0 01 DE FORTELET,17W0000013391668,591831401,Dunkerque,CU de Dunkerque,Nord,Hauts-de-France,,15/01/2021,22/06/2021,FORTE,90 kV,INDIRECT,,,BATTERIE,BATTE,30000.0,,25000.0,,,1.0,En service,30000.0,RTE
FORTES02-STOCKAGE N0 02 DE FORTELET,17W0000013391684,591831401,Dunkerque,CU de Dunkerque,Nord,Hauts-de-France,,02/11/2021,08/11/2021,FORTE,90 kV,INDIRECT,,,BATTERIE,BATTE,25000.0,,25000.0,,,1.0,En service,40000.0,RTE
Confidentiel,17W000001457672L,592250102,Feignies,CA Maubeuge Val de Sambre,Nord,Hauts-de-France,27/12/2022,27/12/2022,27/12/2022,FEIGN,HTA,Direct,,,BATTERIE,BATTE,1250.0,1250.0,1250.0,1250.0,1250.0,1.0,En service,784.0,Enedis
Confidentiel,17W000001359744J,596280000,Volckerinckhove,CC des Hauts de Flandre,Nord,Hauts-de-France,22/11/2021,22/11/2021,01/04/2022,HOLQU,HTA,Direct,,,BATTERIE,BATTE,1250.0,1250.0,1250.0,1250.0,1250.0,1.0,En service,784.0,Enedis
Confidentiel,17W000001327409O,596620000,Winnezeele,CC de Flandre Intérieure,Nord,Hauts-de-France,06/10/2021,06/10/2021,01/04/2022,RIETV,HTA,Direct,,,BATTERIE,BATTE,1572.0,1250.0,1250.0,1250.0,1250.0,1.0,En service,892.0,Enedis
Confidentiel,17W000000987486A,603950601,Méru,CC des Sablons,Oise,Hauts-de-France,09/10/2020,09/10/2020,03/02/2021,SANDR,HTA,Direct,,,BATTERIE,BATTE,1250.0,1250.0,1250.0,1250.0,1250.0,1.0,En service,1000.0,Enedis
Confidentiel,17W000001402424L,606450000,Trie-la-Ville,CC du Vexin-Thelle,Oise,Hauts-de-France,29/06/2022,29/06/2022,29/06/2022,T.CH5,HTA,Direct,,,BATTERIE,BATTE,1250.0,1250.0,1250.0,1250.0,1250.0,1.0,En service,784.0,Enedis
Confidentiel,17W000001360206C,611450000,Domfront en Poiraie,CC Domfront Tinchebray Interco,Orne,Normandie,11/01/2022,11/01/2022,11/01/2022,DOMFR,HTA,Direct,,,BATTERIE,BATTE,1572.0,1250.0,1250.0,1250.0,1250.0,1.0,En service,784.0,Enedis
Confidentiel,17W000001328889G,615080000,Vimoutiers,CC des Vallées d'Auge et du Merlerault,Orne,Normandie,21/10/2021,21/10/2021,01/04/2022,VIMOU,HTA,Direct,,,BATTERIE,BATTE,1572.0,1250.0,1250.0,1250.0,1250.0,1.0,En service,784.0,Enedis
Confidentiel,17W000001383894C,627440000,Sainte-Catherine,CU d'Arras,Pas-de-Calais,Hauts-de-France,29/04/2022,29/04/2022,29/04/2022,ARRAS,HTA,Direct,,,BATTERIE,BATTE,1572.0,1250.0,1250.0,1250.0,1250.0,1.0,En service,784.0,Enedis
Confidentiel,17W000001321859N,640780000,Auriac,CC des Luys en Béarn,Pyrénées-Atlantiques,Nouvelle-Aquitaine,21/09/2021,21/09/2021,07/11/2022,AURIA,HTA,Direct,,,BATTERIE,BATTE,1250.0,1250.0,1250.0,1250.0,1250.0,1.0,En service,1250.0,Enedis
Confidentiel,17W000001004402C,644310000,Os-Marsillon,CC de Lacq-Orthez,Pyrénées-Atlantiques,Nouvelle-Aquitaine,31/12/2020,31/12/2020,21/01/2022,MARSI,HTA,Direct,,,BATTERIE,V.INE,1250.0,1250.0,1250.0,1250.0,1250.0,1.0,En service,1.0,Enedis
Confidentiel,17W0000013921918,692480000,Thizy-les-Bourgs,CA de l'Ouest Rhodanien,Rhône,Auvergne-Rhône-Alpes,20/05/2022,20/05/2022,30/08/2022,B.THI,HTA,Direct,,,BATTERIE,BATTE,1250.0,1250.0,1250.0,1250.0,1250.0,1.0,En service,784.0,Enedis
Confidentiel,17W000001410327N,692890000,Saint-Pierre-de-Chandieu,CC de l'Est Lyonnais (CCEL),Rhône,Auvergne-Rhône-Alpes,24/08/2022,24/08/2022,29/12/2022,MIONS,HTA,Direct,,,BATTERIE,BATTE,1250.0,1250.0,1250.0,1250.0,1250.0,1.0,En service,784.0,Enedis
SDC YDEAL CONFLUENCE,17W0000014362599,693820501,Lyon 2e Arrondissement,,Rhône,Auvergne-Rhône-Alpes,06/10/2022,06/10/2022,03/11/2022,PERRA,BT,Direct,,,BATTERIE,BATTE,50.0,50.0,50.0,50.0,50.0,1.0,En service,200.0,Enedis
Confidentiel,17W0000014576025,721240101,Écommoy,CC Orée de Bercé - Belinois,Sarthe,Pays de la Loire,19/12/2022,19/12/2022,19/12/2022,ECOMM,HTA,Direct,,,BATTERIE,BATTE,1572.0,1250.0,1250.0,1250.0,1250.0,1.0,En service,784.0,Enedis
Confidentiel,17W0000014345953,721320105,La Ferté-Bernard,CC du Pays de l'Huisne Sarthoise,Sarthe,Pays de la Loire,26/09/2022,26/09/2022,26/09/2022,F.BER,HTA,Direct,,,BATTERIE,BATTE,1572.0,1250.0,1250.0,1250.0,1250.0,1.0,En service,784.0,Enedis
Confidentiel,17W000001446943R,721430000,Le Grand-Lucé,CC Loir-Lucé-Bercé,Sarthe,Pays de la Loire,22/11/2022,22/11/2022,22/11/2022,G.LUC,HTA,Direct,,,BATTERIE,BATTE,1250.0,1250.0,1250.0,1250.0,1250.0,1.0,En service,784.0,Enedis
Confidentiel,17W000001446049E,721730000,Luceau,CC Loir-Lucé-Bercé,Sarthe,Pays de la Loire,21/11/2022,21/11/2022,21/11/2022,C.LO5,HTA,Direct,,,BATTERIE,BATTE,1250.0,1250.0,1250.0,1250.0,1250.0,1.0,En service,784.0,Enedis
Confidentiel,17W000001402350O,721760101,Le Lude,CC Sud Sarthe,Sarthe,Pays de la Loire,18/07/2022,18/07/2022,19/09/2022,,HTA,Direct,,,BATTERIE,BATTE,1572.0,1250.0,1250.0,1250.0,1250.0,1.0,En service,784.0,Enedis
Confidentiel,17W000001383876E,721813201,Le Mans,CU Le Mans Métropole,Sarthe,Pays de la Loire,27/04/2022,27/04/2022,16/09/2022,C.FON,HTA,Direct,,,BATTERIE,BATTE,1572.0,1250.0,1250.0,1250.0,1250.0,1.0,En service,784.0,Enedis
Confidentiel,17W000001445988A,722640102,Sablé-sur-Sarthe,CC du Pays Sabolien,Sarthe,Pays de la Loire,27/10/2022,27/10/2022,27/10/2022,SABLE,HTA,Direct,,,BATTERIE,BATTE,1250.0,1250.0,1250.0,1250.0,1250.0,1.0,En service,784.0,Enedis
Confidentiel,17W000001457823Q,722690000,Saint-Calais,CC des Vallées de la Braye et de l'Anille,Sarthe,Pays de la Loire,29/11/2022,29/11/2022,29/11/2022,SSCAL,HTA,Direct,,,BATTERIE,BATTE,1572.0,1250.0,1250.0,1250.0,1250.0,1.0,En service,724556.0,Enedis
Confidentiel,17W000001434601Y,723080000,Saint-Paterne - Le Chevain,CU d'Alençon,Sarthe,Pays de la Loire,29/09/2022,29/09/2022,29/09/2022,CHEV6,HTA,Direct,,,BATTERIE,BATTE,1572.0,1250.0,1250.0,1250.0,1250.0,1.0,En service,784.0,Enedis
Confidentiel,17W000001410295A,723730000,Vibraye,CC des Vallées de la Braye et de l'Anille,Sarthe,Pays de la Loire,25/08/2022,25/08/2022,19/09/2022,VIBRA,HTA,Direct,,,BATTERIE,BATTE,1250.0,1250.0,1250.0,1250.0,1250.0,1.0,En service,784.0,Enedis
STOCKAGE DE LA CURIAZ,17W0000013530184,,Saint-Michel-de-Maurienne,CC Maurienne Galibier,Savoie,Auvergne-Rhône-Alpes,13/07/1905,02/11/2021,29/07/2022,,HTA,Direct,,,BATTERIE,,5000.0,,,5000.0,,1.0,En service,10000.0,Syndicat d'électricité synergie Maurienne
Confidentiel,17W000001375306E,740900000,Cornier,CC du Pays Rochois,Haute-Savoie,Auvergne-Rhône-Alpes,22/04/2022,22/04/2022,30/08/2022,CORNI,HTA,Direct,,,BATTERIE,BATTE,1572.0,1250.0,1250.0,1250.0,1250.0,1.0,En service,784.0,Enedis
Confidentiel,17W000001446237D,761000000,Blainville-Crevon,CC Inter-Caux-Vexin,Seine-Maritime,Normandie,24/11/2022,24/11/2022,24/11/2022,CAZE5,HTA,Direct,,,BATTERIE,BATTE,1250.0,1250.0,1250.0,1250.0,1250.0,1.0,En service,784.0,Enedis
Confidentiel,17W000001457313C,763340000,Gueures,CC Terroir de Caux,Seine-Maritime,Normandie,22/12/2022,22/12/2022,22/12/2022,BUQUE,HTA,Direct,,,BATTERIE,BATTE,1250.0,1250.0,1250.0,1250.0,1250.0,1.0,En service,784.0,Enedis
Confidentiel,17W000001383854O,764640000,La Neuville-Chant-d'Oisel,Métropole Rouen Normandie,Seine-Maritime,Normandie,25/05/2022,25/05/2022,11/07/2022,BOOS,HTA,Direct,,,BATTERIE,BATTE,1572.0,1250.0,1250.0,1250.0,1250.0,1.0,En service,784.0,Enedis
NWJ MET-QUIEVRECOURT,17W000001436191H,765160000,Quièvrecourt,CC Communauté Bray-Eawy,Seine-Maritime,Normandie,05/10/2022,05/10/2022,05/10/2022,NEUF5,HTA,Direct,,,BATTERIE,BATTE,1572.0,1250.0,1250.0,1250.0,1250.0,1.0,En service,784.0,Enedis
Confidentiel,17W0000013289162,772570000,Lizy-sur-Ourcq,CC du Pays de l'Ourcq,Seine-et-Marne,Île-de-France,18/08/2021,18/08/2021,01/05/2022,LIZY,HTA,Direct,,,BATTERIE,V.INE,1250.0,1250.0,1250.0,1250.0,1250.0,1.0,En service,1000.0,Enedis
Confidentiel,17W000001329045Q,,Les Ormes-sur-Voulzie,CC Bassée-Montois,Seine-et-Marne,Île-de-France,05/10/2021,05/10/2021,20/05/2022,ORME5,HTA,Direct,,,BATTERIE,BATTE,1250.0,1250.0,1250.0,1250.0,1250.0,1.0,En service,1250.0,Enedis
Confidentiel,17W000000997709A,786240101,Triel-sur-Seine,CU Grand Paris Seine et Oise,Yvelines,Île-de-France,16/10/2020,16/10/2020,19/11/2021,NOURO,HTA,Direct,,,BATTERIE,V.INE,1250.0,1250.0,1250.0,1250.0,1250.0,1.0,En service,892.0,Enedis
privé,17W000001418551F,790800000,Châtillon-sur-Thouet,CC de Parthenay-Gâtine,Deux-Sèvres,Nouvelle-Aquitaine,29/06/2022,29/06/2022,29/06/2022,,HTA,Direct,,,BATTERIE,BATTE,1250.0,,,1250.0,,,En service,,GÉRÉDIS
NWJ MET-GAUVILLE,17W0000014465355,803750000,Gauville,CC Somme Sud-Ouest,Somme,Hauts-de-France,10/11/2022,10/11/2022,10/11/2022,BLOCA,HTA,Direct,,,BATTERIE,BATTE,1572.0,1250.0,1250.0,1250.0,1250.0,1.0,En service,784.0,Enedis
Confidentiel,17W000001402372E,806880000,Rue,CC Ponthieu-Marquenterre,Somme,Hauts-de-France,12/07/2022,12/07/2022,12/07/2022,RUE,HTA,Direct,,,BATTERIE,BATTE,1250.0,1250.0,1250.0,1250.0,1250.0,1.0,En service,784.0,Enedis
Confidentiel,17W000001410358C,807240000,Saleux,CA Amiens Métropole,Somme,Hauts-de-France,04/08/2022,04/08/2022,04/08/2022,AMARG,HTA,Direct,,,BATTERIE,BATTE,1572.0,1250.0,1250.0,1250.0,1250.0,1.0,En service,784.0,Enedis
Confidentiel,17W0000013703305,820130000,Beaumont-de-Lomagne,CC de la Lomagne Tarn-et-Garonnaise,Tarn-et-Garonne,Occitanie,28/03/2022,28/03/2022,28/03/2022,B.LOM,HTA,Direct,,,BATTERIE,BATTE,1572.0,1250.0,1250.0,1250.0,1250.0,1.0,En service,784.0,Enedis
Confidentiel,17W000001402257E,820940000,Lauzerte,CC du Pays de Serres en Quercy,Tarn-et-Garonne,Occitanie,08/07/2022,08/07/2022,08/07/2022,LAUZE,HTA,Direct,,,BATTERIE,BATTE,1250.0,1250.0,1250.0,1250.0,1250.0,,En service,784.0,Enedis
Confidentiel,17W0000013520626,850390000,La Bruffière,CA Terres de Montaigu,Vendée,Pays de la Loire,21/12/2021,21/12/2021,16/09/2022,BRUFF,HTA,Direct,,,BATTERIE,BATTE,1572.0,1250.0,1250.0,1250.0,1250.0,1.0,En service,784.0,Enedis
Confidentiel,17W000001370613U,850510000,Chantonnay,CC Pays de Chantonnay,Vendée,Pays de la Loire,20/12/2021,20/12/2021,16/09/2022,PUYBE,HTA,Direct,,,BATTERIE,BATTE,1572.0,1250.0,1250.0,1250.0,1250.0,1.0,En service,784.0,Enedis
Confidentiel,17W000001360300K,851690000,Palluau,CC de Vie et Boulogne,Vendée,Pays de la Loire,18/01/2022,18/01/2022,22/07/2022,PALLU,HTA,Direct,,,BATTERIE,BATTE,1572.0,1250.0,1250.0,1250.0,1250.0,1.0,En service,784.0,Enedis
Confidentiel,17W000001712833E,,Palluau,CC de Vie et Boulogne,Vendée,Pays de la Loire,25/11/2022,25/11/2022,25/11/2022,PALLU,HTA,Direct,,,BATTERIE,BATTE,1250.0,1250.0,1250.0,1250.0,1250.0,1.0,En service,784.0,Enedis
Confidentiel,17W000001457277R,851690000,Palluau,CC de Vie et Boulogne,Vendée,Pays de la Loire,15/12/2022,15/12/2022,15/12/2022,PALLU,HTA,Direct,,,BATTERIE,BATTE,1572.0,1250.0,1250.0,1250.0,1250.0,1.0,En service,784.0,Enedis
Confidentiel,17W000001345046W,851910602,La Roche-sur-Yon,CA La Roche-sur-Yon Agglomération,Vendée,Pays de la Loire,26/11/2021,26/11/2021,15/06/2022,SIRMI,HTA,Direct,,,BATTERIE,BATTE,1250.0,1250.0,1250.0,1250.0,1250.0,1.0,En service,784.0,Enedis
Confidentiel,17W000001402419E,860880000,Croutelle,CU du Grand Poitiers,Vienne,Nouvelle-Aquitaine,15/06/2022,15/06/2022,15/06/2022,P.MIT,HTA,Direct,,,BATTERIE,BATTE,1250.0,1250.0,1250.0,1250.0,1250.0,1.0,En service,724556.0,Enedis
CEN86111P071014,17W0000013048242,861110000,Ingrandes,CA Grand Châtellerault,Vienne,Nouvelle-Aquitaine,20/07/2021,20/07/2021,12/09/2022,,HTA,Direct,,,,,1250.0,,,1250.0,,,En service,,SRD
JAZENS01-STOCKAGE N0 01 DE JAZENEUIL,17W000001353650L,861160000,Jazeneuil,CU du Grand Poitiers,Vienne,Nouvelle-Aquitaine,,02/11/2021,03/12/2021,JAZEN,90 kV,DIRECT,,,BATTERIE,BATTE,2000.0,,2000.0,,,1.0,En service,2000.0,RTE
Confidentiel,17W000001345069K,861930000,Pleumartin,CA Grand Châtellerault,Vienne,Nouvelle-Aquitaine,20/10/2021,20/10/2021,16/09/2022,PLEUM,HTA,Direct,,,BATTERIE,V.INE,1250.0,1250.0,1250.0,1250.0,1250.0,1.0,En service,1000.0,Enedis
CEN86245P072360,17W000000982248E,862450000,Senillé-Saint-Sauveur,CA Grand Châtellerault,Vienne,Nouvelle-Aquitaine,08/09/2020,08/09/2020,12/09/2022,,HTA,Direct,,,,,2500.0,,,2500.0,,,En service,,SRD
Confidentiel,17W000000998281H,862970000,Vouneuil-sous-Biard,CU du Grand Poitiers,Vienne,Nouvelle-Aquitaine,03/12/2020,03/12/2020,12/09/2022,,HTA,Direct,,,,,1250.0,,,1250.0,,,En service,,SRD
Confidentiel,17W000001352026A,880290000,La Vôge-les-Bains,CA d'Épinal,Vosges,Grand Est,02/12/2021,02/12/2021,18/10/2022,B.BAI,HTA,Direct,,,BATTERIE,BATTE,1250.0,1250.0,1250.0,1250.0,1250.0,1.0,En service,784.0,Enedis
Confidentiel,17W000001344744D,880650000,Bonvillet,CC des Vosges côté Sud Ouest,Vosges,Grand Est,01/10/2020,01/10/2020,04/03/2022,DARNE,HTA,Direct,,,BATTERIE,BATTE,,1250.0,1250.0,,1250.0,1.0,En service,784.0,Enedis
Confidentiel,17W000001402390C,880650000,Bonvillet,CC des Vosges côté Sud Ouest,Vosges,Grand Est,23/06/2022,23/06/2022,18/10/2022,DARNE,HTA,Direct,,,BATTERIE,BATTE,1250.0,1250.0,1250.0,1250.0,1250.0,1.0,En service,784.0,Enedis
Confidentiel,17W000001410343P,881580000,Éloyes,CC de la Porte des Vosges Méridionales,Vosges,Grand Est,23/08/2022,23/08/2022,30/11/2022,SSNAB,HTA,Direct,,,BATTERIE,BATTE,1250.0,1250.0,1250.0,1250.0,1250.0,1.0,En service,784.0,Enedis
Confidentiel,17W0000013601529,881580000,Éloyes,CC de la Porte des Vosges Méridionales,Vosges,Grand Est,28/01/2022,28/01/2022,18/10/2022,SSNAB,HTA,Direct,,,BATTERIE,BATTE,1250.0,1250.0,1250.0,1250.0,1250.0,1.0,En service,784.0,Enedis
Confidentiel,17W000001344990Z,882530000,Jeuxey,CA d'Épinal,Vosges,Grand Est,20/09/2021,20/09/2021,18/10/2022,JEUXE,HTA,Direct,,,BATTERIE,BATTE,1250.0,1250.0,1250.0,1250.0,1250.0,1.0,En service,892.0,Enedis
Confidentiel,17W000001370318W,883040103,Mirecourt,CC de Mirecourt Dompaire,Vosges,Grand Est,23/11/2021,23/11/2021,18/10/2022,MIREC,HTA,Direct,,,BATTERIE,BATTE,1250.0,1250.0,1250.0,1250.0,1250.0,1.0,En service,784.0,Enedis
NWJ MET_MIRECOURT II,17W000001410342R,883040103,Mirecourt,CC de Mirecourt Dompaire,Vosges,Grand Est,10/08/2022,10/08/2022,18/10/2022,MIREC,HTA,Direct,,,BATTERIE,BATTE,1250.0,1250.0,1250.0,1250.0,1250.0,1.0,En service,784.0,Enedis
Confidentiel,17W000001345173P,883670000,Rambervillers,CC de la Région de Rambervillers,Vosges,Grand Est,18/11/2021,18/11/2021,18/10/2022,RAMBE,HTA,Direct,,,BATTERIE,BATTE,1250.0,1250.0,1250.0,1250.0,1250.0,1.0,En service,1250.0,Enedis
Confidentiel,17W000001446505E,883670000,Rambervillers,CC de la Région de Rambervillers,Vosges,Grand Est,02/11/2022,02/11/2022,02/11/2022,RAMBE,HTA,Direct,,,BATTERIE,BATTE,1250.0,1250.0,1250.0,1250.0,1250.0,1.0,En service,784.0,Enedis
Confidentiel,17W000001329038N,885160101,Vittel,CC Terre d'Eau,Vosges,Grand Est,12/10/2021,12/10/2021,18/10/2022,VITTE,HTA,Direct,,,BATTERIE,BATTE,1250.0,1250.0,1250.0,1250.0,1250.0,1.0,En service,784.0,Enedis
Confidentiel,17W000001410348F,885160101,Vittel,CC Terre d'Eau,Vosges,Grand Est,10/08/2022,10/08/2022,01/11/2022,VITTE,HTA,Direct,,,BATTERIE,BATTE,1250.0,1250.0,1250.0,1250.0,1250.0,1.0,En service,784.0,Enedis
Confidentiel,17W000001322031Z,891390000,Diges,CC de Puisaye-Forterre,Yonne,Bourgogne-Franche-Comté,10/09/2021,10/09/2021,19/04/2022,SAUIL,HTA,Direct,,,BATTERIE,BATTE,1250.0,1250.0,1250.0,1250.0,1250.0,1.0,En service,784.0,Enedis
J.VILS01-STOCKAGE N0 01 DE JOUX-LA-VILLE,17W0000013536488,892080000,Joux-la-Ville,CC du Serein,Yonne,Bourgogne-Franche-Comté,,18/11/2021,22/11/2021,J.VIL,225 kV,DIRECT,,,BATTERIE,BATTE,12520.0,,12520.0,,,1.0,En service,12000.0,RTE
Confidentiel,17W000001321881U,892380000,Mailly-le-Château,CC Chablis Villages et Terroirs,Yonne,Bourgogne-Franche-Comté,14/09/2021,14/09/2021,19/04/2022,MAILL,HTA,Direct,,,BATTERIE,BATTE,1250.0,1250.0,1250.0,1250.0,1250.0,1.0,En service,784.0,Enedis
Confidentiel,17W000001352009A,893440000,Saint-Fargeau,CC de Puisaye-Forterre,Yonne,Bourgogne-Franche-Comté,24/11/2021,24/11/2021,27/05/2022,RUBLO,HTA,Direct,,,BATTERIE,BATTE,1250.0,1250.0,1250.0,1250.0,1250.0,1.0,En service,784.0,Enedis
Confidentiel,17W000001457596B,,Dourdan,CC Le Dourdannais en Hurepoix (CCDH),Essonne,Île-de-France,19/12/2022,19/12/2022,19/12/2022,BIRON,HTA,Direct,,,BATTERIE,BATTE,,1250.0,1250.0,,1250.0,1.0,En service,784.0,Enedis
Confidentiel,17W0000013523242,971030101,Baie-Mahault,CA Cap Excellence,Guadeloupe,Guadeloupe,20/10/2021,20/10/2021,28/09/2022,,HTA,Direct,,,,,5000.0,,,,,,En service,,EDF-SEI
Confidentiel,17W000001373959G,972070701,Ducos,CA de l'Espace Sud de la Martinique,Martinique,Martinique,25/10/2021,25/10/2021,12/09/2022,,HTA,Direct,,,,,12000.0,,,,,,En service,,EDF-SEI
Confidentiel,17W0000014008279,974100101,Saint-Benoît,CA Intercommunale de la Réunion Est (CIREST),La Réunion,La Réunion,18/03/2022,18/03/2022,12/09/2022,,HTA,Direct,,,,,5600.0,,,,,,En service,,EDF-SEI
Confidentiel,17W000001332025O,974130101,Saint-Leu,CA Territoire de la Côte Ouest (TCO),La Réunion,La Réunion,28/12/2018,28/12/2018,12/09/2022,,HTA,Direct,,,,,5000.0,,,,,,En service,,EDF-SEI
